Latitude,Longitude,Sample Date,Total Alkalinity,Electrical Conductance,Dissolved Reactive Phosphorus
-32.043333,27.822778,01-09-2014,87.92694283983411,310.29282802733144,25.05433435711721
-33.329167,26.0775,16-09-2015,122.67185070386788,482.1666499844506,44.63874877695579
-32.99163889,27.64002778,07-05-2015,73.62723483964538,375.12888049654913,37.39072940656082
-34.096389,24.439167,07-02-2012,63.13539615734376,346.4107247989222,16.795945082993843
-32.00055556,28.58166667,01-10-2014,90.66053840052935,232.64139785397197,20.25932929543246
-32.08639,25.57556,19-07-2013,143.67035183918634,497.29412107994847,36.65101977381835
-32.00055556,28.58166667,03-09-2014,90.60194837613362,226.23898591959974,20.540173831854716
-32.99163889,27.64002778,02-10-2014,85.33272225796169,309.88858337070013,32.76860000222961
-32.00055556,28.58166667,06-08-2014,92.39355520801816,233.4308715951901,21.316551885526298
-33.18536111,27.39075,22-09-2011,83.38046250248708,312.40835308869384,29.466218132101123
-33.731111,24.618333,28-03-2013,112.15136177810962,468.6282519536283,24.500398763002977
-33.731111,24.618333,18-04-2013,108.46199056051603,490.5682604016058,24.572678636529798
-32.00055556,28.58166667,21-11-2012,61.61839068047455,166.52441847885052,19.751427436156455
-32.00055556,28.58166667,09-07-2014,91.19762389923446,240.2633893104772,20.210107066790044
-32.00055556,28.58166667,04-06-2014,82.29671188427113,215.51780736191938,19.397574529411397
-31.905,25.43,03-11-2014,171.74980264965828,600.92239457802,54.23689180425712
-33.731111,24.618333,10-04-2014,102.01957061539704,452.93237994746744,27.693458265876487
-32.08639,25.57556,05-12-2014,143.9832526082493,527.0138592664823,41.43438690895914
-32.043333,27.822778,04-08-2014,95.34201438523444,333.7987301733196,21.489052637612097
-32.515278,28.015556,05-08-2015,110.20205816990158,321.7795780071015,22.868123858015647
-32.043333,27.822778,29-09-2014,93.36995855088024,340.7697772597212,21.34984427473663
-32.99163889,27.64002778,08-03-2011,69.51986165219971,315.5112293839539,32.4862177884287
-32.08639,25.57556,26-04-2013,126.04126206139861,456.6305862165715,40.66702827781474
-32.043333,27.822778,04-07-2011,80.48916198252923,305.5225847378443,19.53926801693173
-32.99163889,27.64002778,22-07-2014,89.33341290280676,333.00122567315736,29.16091976309083
-32.99163889,27.64002778,10-07-2014,84.96389681497284,364.51591524256554,31.03628703033266
-32.043333,27.822778,12-05-2014,73.05350334619914,269.3539257474358,17.75511761504018
-33.18536111,27.39075,02-07-2015,79.51808435748605,343.5476601285143,35.18737885021631
-33.731111,24.618333,20-03-2014,100.36453890548454,464.0130711934118,25.96015457429248
-33.18536111,27.39075,31-05-2012,75.80784353736173,283.29319741633384,27.25780081547056
-33.329167,26.0775,08-03-2015,137.60958162079038,504.7663886874529,51.513814223669854
-32.579167,27.366667,07-05-2012,72.81423623746561,333.2129052139442,22.83106627233069
-32.99163889,27.64002778,27-08-2015,80.50325168594803,360.9659430443129,33.952155278990034
-32.08639,25.57556,09-02-2011,124.87967733109724,449.35288714864,40.21732852270638
-33.329167,26.0775,24-06-2015,123.71764289026301,475.57247826352597,46.757334382851624
-32.043333,27.822778,07-07-2014,81.32909980948365,311.3849339563532,17.203249654655416
-33.731111,24.618333,04-10-2012,127.62603385587387,548.0268237500936,25.325503496175344
-32.043333,27.822778,02-06-2014,74.052288627283,277.8705407376037,17.745304068776292
-33.731111,24.618333,23-05-2013,120.56907966239731,496.2654099701611,24.75285147256408
-32.043333,27.822778,27-10-2014,89.54552390068565,329.44228175428617,23.17784949116298
-31.903056,25.482222,19-05-2014,164.7933678180908,636.2791611601103,41.25150611440719
-32.579167,27.366667,05-03-2012,72.37103055671423,309.734435359561,23.027362403578458
-32.802778,27.856389,05-05-2014,72.08556354012535,340.6381393477571,21.836984982820862
-32.99163889,27.64002778,02-06-2011,69.70006567340215,272.17826782320367,28.791133665499085
-32.99163889,27.64002778,14-01-2011,70.72641451578055,318.98857070564145,32.944928384483234
-32.99163889,27.64002778,30-10-2014,85.33272225796169,309.88858337070013,32.76860000222961
-34.096389,24.439167,12-10-2011,61.131592524696146,411.32849497430607,16.417420168764867
-33.18536111,27.39075,18-11-2015,83.19813222046666,349.99912915193516,38.35192130837122
-32.99163889,27.64002778,30-07-2015,79.6756207020104,357.1361808309189,33.384178629569355
-32.00055556,28.58166667,29-10-2014,79.21220697355368,192.9965998005851,20.105406299117643
-32.043333,27.822778,04-02-2014,70.33789809560638,252.67928743081828,18.647646084733598
-33.771111,25.386667,04-12-2014,155.63219683035754,573.6035974949737,45.19576818918921
-32.579167,27.366667,29-05-2012,79.94456728344441,307.3422469799571,18.739393726126664
-33.329167,26.0775,06-10-2015,124.65193983663737,485.9802776590316,45.88969524929474
-33.18536111,27.39075,21-10-2013,103.80504981510435,397.62422416434663,40.89056533171086
-32.579167,27.366667,07-07-2014,80.4478403170823,350.7443809083926,18.940073445955377
-32.99163889,27.64002778,28-09-2015,80.4741315946782,358.8733633336141,34.97088165066245
-34.096389,24.439167,26-02-2013,68.3235723518334,437.6072593105335,17.8219833239341
-34.096389,24.439167,08-11-2011,56.10972634261689,343.7298000421822,17.283935797730383
-32.99163889,27.64002778,30-06-2011,71.43356787815806,263.06426210183815,29.145060582421326
-32.99163889,27.64002778,10-02-2011,69.343520451863,311.7018045312604,32.26163190580958
-32.00055556,28.58166667,08-05-2013,64.6225074321966,176.97226505578405,20.114730295224984
-32.99163889,27.64002778,05-05-2014,74.09915360449412,334.58701568307106,29.690235597170286
-33.731111,24.618333,26-02-2014,99.60422403876304,462.47668931004813,26.397651713944562
-31.903056,25.482222,08-03-2011,160.81749309761892,592.2139660020144,42.74234296690782
-33.202778,24.235556,30-05-2011,132.03091558570313,528.2951478948058,35.637330822614736
-32.99163889,27.64002778,13-02-2015,80.79011189449675,320.28310535236477,36.80041867926672
-32.515278,28.015556,22-04-2015,83.72996333173661,265.45329171291985,23.499617256966207
-34.096389,24.439167,26-03-2013,68.7353961658728,441.7466002140362,17.923417984412005
-32.08639,25.57556,06-12-2013,120.15541480418882,451.7686277192576,44.60051833786562
-31.905,25.43,29-04-2014,129.59468545098022,489.6212498446043,46.880445388273955
-32.043333,27.822778,11-04-2011,72.27391477403725,247.16640384405056,17.76080525811802
-32.043333,27.822778,19-11-2012,84.9918523948918,321.7094245015605,22.09138196808552
-32.605278,25.885,28-02-2014,153.27890588785377,505.50809023651414,49.15916818540687
-33.001667,25.161389,29-01-2014,160.6868413511217,556.8536818829899,42.12170695496952
-33.18536111,27.39075,16-01-2015,78.99861179777355,310.31743074661654,41.8244466162449
-32.99163889,27.64002778,06-05-2011,68.76774579485478,274.1783169622129,29.355895570260994
-32.08639,25.57556,15-08-2014,157.80020713477091,542.6068693408014,36.52800457277057
-32.605278,25.885,28-05-2013,165.68041633286032,542.1980847627858,46.02900466211401
-33.731111,24.618333,09-04-2015,121.93552647452184,538.0719041196568,28.882934871085762
-32.99163889,27.64002778,05-12-2013,72.93628369292485,315.791416184313,35.39276227335434
-32.08639,25.57556,08-11-2012,134.64319019562504,491.7367374318927,38.75582215817587
-32.99163889,27.64002778,16-01-2015,81.26349841455021,321.39877701903146,37.26566544856794
-32.579167,27.366667,09-03-2011,74.49130186951052,327.6168008118658,23.91042099828974
-32.802778,27.856389,02-10-2014,75.20264873471015,391.5916309522735,20.55959969814885
-32.99163889,27.64002778,07-03-2013,77.04624486640449,323.59609212429484,31.550628325891726
-32.99163889,27.64002778,05-04-2012,68.8134170392367,312.99043601424813,30.974560035092097
-32.99163889,27.64002778,26-07-2012,75.47944789655908,350.0579891859493,28.697184246263877
-32.605278,25.885,06-11-2014,170.7860735170171,602.033198743207,48.2355304804042
-32.605278,25.885,30-01-2014,152.77818357724772,505.13409787734827,48.75442486935339
-32.605278,25.885,16-08-2012,187.30670860207945,606.8457482800592,51.19429861218095
-34.096389,24.439167,05-02-2014,66.70488503301958,434.84726359873713,17.62402245090667
-32.99163889,27.64002778,07-02-2014,74.6606543897549,310.71826830990653,31.718540748827042
-33.094444,25.012778,08-10-2014,147.43486055670306,551.3596892046294,31.55148224942074
-32.043333,27.822778,09-05-2011,73.21269496609037,265.2641936277969,17.286386670289115
-34.096389,24.439167,16-09-2015,59.428464292638,355.3329192790699,17.213996666690317
-33.001667,25.161389,05-02-2015,155.53006982455565,563.2584587286406,43.73647376017166
-32.605278,25.885,15-07-2013,166.35673897218317,588.2105470633761,47.50305775344503
-32.043333,27.822778,04-06-2012,77.15469259724185,294.4204678841627,16.712619514948475
-32.515278,28.015556,13-01-2014,85.7345682529935,270.52907829160887,25.529861654277582
-32.99163889,27.64002778,30-05-2013,72.00654380781506,318.4070243807894,29.762021899976485
-32.08639,25.57556,09-04-2015,116.59787669259836,432.6989888642013,42.03460874263703
-33.731111,24.618333,24-04-2014,102.2718052347483,468.87471090619636,27.332015779083008
-32.00055556,28.58166667,09-04-2014,64.63092881982384,162.75730524315466,19.236634207721462
-32.08639,25.57556,08-05-2015,128.35495905770958,442.0965836513356,37.26465177226867
-32.605278,25.885,08-11-2013,166.70238492504058,565.1681425955846,45.54993091592157
-33.731111,24.618333,08-03-2015,120.93115373011096,492.85893885210476,26.538474806068514
-32.99163889,27.64002778,27-05-2014,71.2343249486391,333.4023665747741,30.44606495165485
-32.515278,28.015556,06-06-2011,78.211540129993,229.6042213653862,22.9788495058295
-32.605278,25.885,19-06-2013,160.2912346292024,583.9741331152826,43.349579832024055
-32.043333,27.822778,21-10-2013,101.56629289458814,369.17080110755626,26.536581174090824
-31.905,25.43,10-09-2013,200.2971144196696,659.4380742906902,45.3032288928139
-32.99163889,27.64002778,24-01-2012,78.9650701180528,321.55338865816015,31.95519895775865
-32.043333,27.822778,07-04-2014,71.71544616435757,251.78051229533105,18.548278289726866
-32.00055556,28.58166667,06-07-2011,74.0264022846737,183.93170280003886,18.693194377661303
-33.18536111,27.39075,28-09-2015,79.11735787422856,342.7702382790285,35.71805957780409
-32.605278,25.885,10-09-2013,166.02520587233397,562.2489611486133,45.43384012010263
-31.905,25.43,14-08-2013,190.3432026515385,664.7619604035781,52.70946618035723
-33.18536111,27.39075,22-07-2014,79.86615409027898,364.46525982015845,32.89895422762635
-32.043333,27.822778,07-05-2012,79.44797126717975,301.9551749011673,19.733553645883156
-32.08639,25.57556,19-07-2012,114.16742143606653,418.83381461900933,37.04918756410253
-33.001667,25.161389,17-09-2014,163.70303862185912,592.7715516374216,48.20283013734373
-31.905,25.43,06-07-2011,174.81425122391073,602.9413577484689,51.246014746142045
-32.08639,25.57556,05-03-2013,124.20967692326191,427.50206593199135,45.37139037152359
-33.18536111,27.39075,29-10-2015,83.50136068896116,360.0597387318923,37.62710186291661
-32.08639,25.57556,03-12-2012,134.89491049649087,488.53262425525446,40.27555819309371
-32.99163889,27.64002778,31-05-2012,65.26005140049959,260.43968626118476,32.231377107791765
-31.905,25.43,17-07-2013,189.42331462640183,634.3907462986583,57.791353916995746
-31.903056,25.482222,25-04-2012,153.7180037261002,602.3851737469944,36.872768960705734
-34.096389,24.439167,25-03-2014,69.09716710975019,376.2209614784519,17.129762032270918
-33.094444,25.012778,23-07-2015,142.3998891842147,554.153030990021,30.716353105793388
-32.802778,27.856389,01-06-2015,67.14695196080393,314.73204762160344,23.234213051519124
-34.096389,24.439167,12-11-2015,62.36686071526681,445.8594990909371,17.86854670844421
-32.99163889,27.64002778,18-11-2015,78.56482530541832,371.9162529964482,42.22149800263568
-32.08639,25.57556,10-03-2011,124.42964554228422,448.5190194986974,40.22240230975926
-33.329167,26.0775,22-07-2015,124.7208492285006,478.80783570991497,44.87272112790733
-33.731111,24.618333,26-07-2012,127.43347859042609,527.2679235305183,24.411319371543346
-32.605278,25.885,03-12-2012,159.63371779357425,556.5344054616834,51.227445508712506
-33.094444,25.012778,28-05-2015,137.71859744582838,507.40239901352857,34.137817144534814
-34.0325,24.196389,08-11-2011,70.96845879706598,464.583446344358,23.653665322022803
-32.515278,28.015556,14-05-2014,87.98053213511284,270.51452301231564,23.465036443559157
-33.18536111,27.39075,20-09-2012,77.3405912882784,341.8770816575597,35.83141591485179
-33.329167,26.0775,28-05-2014,105.01768275107568,352.05347435679676,35.47731352414937
-33.731111,24.618333,07-05-2015,137.96382807032833,581.8578494578527,27.144459650705553
-31.905,25.43,12-03-2012,140.2427897882149,492.19915506138847,46.942079106468604
-32.761111,26.629444,22-04-2014,111.92485477619378,503.1529974324127,33.90616837598726
-32.761111,26.629444,26-05-2014,113.64123819432788,505.3140852114489,33.72194134831796
-32.802778,27.856389,24-08-2015,68.26242303049034,316.35050717991544,23.27189003832647
-32.99163889,27.64002778,24-11-2011,79.76108026656523,360.0923794132304,41.15781881161203
-32.579167,27.366667,27-05-2014,78.40253178650845,321.9182977250475,20.98654734427233
-32.802778,27.856389,30-10-2014,75.20264873471015,391.5916309522735,20.55959969814885
-32.99163889,27.64002778,15-11-2012,72.54687405228664,314.97360359571894,29.617705913762602
-32.515278,28.015556,08-05-2013,81.7368004732144,282.1928743246849,26.290801800251128
-32.605278,25.885,10-10-2013,162.78481862025387,571.4615709518256,44.47434706320774
-32.579167,27.366667,04-03-2014,71.6480348274361,273.2144905893032,23.950317508698298
-32.515278,28.015556,19-01-2011,66.48740056685268,225.87336511298733,24.005846290863143
-32.515278,28.015556,10-04-2014,76.76921305487672,262.9047987267371,25.220976661597795
-34.096389,24.439167,07-01-2014,72.54704183718663,444.88250613263847,26.743591785321478
-33.18536111,27.39075,28-06-2012,77.474101615783,283.90386633256384,26.69108674077508
-33.771111,25.386667,08-11-2013,157.34624129540973,549.3550603797635,44.9660511551091
-34.096389,24.439167,09-03-2011,64.39044219123541,389.4578984084123,16.63743948630305
-31.903056,25.482222,03-12-2012,182.94930069146542,616.6823492471842,41.23802471593683
-31.905,25.43,07-10-2013,197.4627349448879,649.1485492537133,45.255552785130725
-33.506389,26.744722,06-10-2015,107.38765146108696,455.87594176918935,32.39308348186174
-33.731111,24.618333,27-03-2013,112.15136177810962,468.6282519536283,24.500398763002977
-32.173889,27.3725,04-04-2013,71.50175005535611,256.0185592889058,23.034287140158632
-33.771111,25.386667,06-12-2013,157.26376762116732,544.2439772601055,46.24962919301897
-33.001667,25.161389,23-07-2015,172.9271337717969,592.9392459800931,49.25953981067624
-32.579167,27.366667,07-02-2011,74.9545229257908,313.69096165562877,24.4354939375673
-33.18536111,27.39075,10-07-2014,78.17547000115255,367.7734354667715,35.67630611917521
-32.802778,27.856389,04-09-2014,75.90828951545882,390.77898048155146,20.457044643848686
-32.713889,26.296667,31-01-2013,113.33599629507505,462.83507934272706,54.50945442070502
-32.802778,27.856389,04-05-2015,69.53768199777059,317.61067587442096,25.227591869825645
-32.99163889,27.64002778,04-09-2014,83.29260532495978,316.50975363255816,32.201012761784966
-31.905,25.43,04-03-2013,162.77236656957717,559.7916943416441,50.3924092731844
-33.001667,25.161389,09-01-2014,116.79283501225,480.2562867129298,35.63921234751189
-32.99163889,27.64002778,16-12-2015,78.22764940394941,368.71194798941815,42.68095280674142
-33.329167,26.0775,06-05-2011,104.51233054455021,355.90377683167594,33.1158102366429
-33.771111,25.386667,27-05-2015,154.71188188312746,497.80222492483387,44.37051377717451
-32.605278,25.885,06-11-2012,159.57076533145303,558.110263153991,49.92523842221596
-33.18536111,27.39075,04-12-2012,72.67923557151344,281.88760565587614,37.33741750793748
-33.18536111,27.39075,15-11-2012,73.18747264366353,282.4255265960471,37.24184793816262
-32.043333,27.822778,13-07-2015,107.1592983393504,399.5739309082832,29.57028280463203
-32.00055556,28.58166667,19-01-2011,53.7244237109071,140.61730340604612,19.56932854721277
-33.506389,26.744722,24-06-2015,103.04730568338182,406.0552482330687,29.28636721912552
-33.731111,24.618333,21-06-2012,113.42996220434055,429.8504535294157,22.31942999136013
-32.515278,28.015556,22-02-2012,75.32804407583644,259.1107822378231,27.708278749005586
-34.096389,24.439167,23-04-2014,63.19651949664608,337.94226477337054,17.37443894871295
-32.515278,28.015556,01-12-2014,84.20835715639798,289.69704164819507,33.45328691280067
-32.99163889,27.64002778,16-01-2014,76.25910439477111,317.9694705948004,32.096199421918875
-33.202778,24.235556,12-09-2011,131.86853370059234,552.6636426232577,34.35899276582363
-31.905,25.43,28-12-2015,163.77878507210826,617.3921003945723,46.0794284999927
-33.23778,26.99472,08-11-2012,105.59646164445797,379.498178501231,33.87543473553885
-31.905,25.43,19-05-2014,135.77173838209075,503.41831240928644,45.49213004352649
-33.506389,26.744722,18-08-2015,104.16421485103537,402.2137828815774,30.31036529039419
-33.771111,25.386667,06-12-2012,165.58555792754888,538.7064547691906,50.462236478306636
-33.18536111,27.39075,04-09-2014,80.13718508565981,382.758098160365,35.39568858173591
-32.043333,27.822778,28-09-2015,108.89667103160286,411.10854595552286,31.301227835165985
-33.001667,25.161389,08-01-2015,116.09085838802676,472.35936369952657,45.07323852793692
-33.23778,26.99472,27-03-2013,73.17789448665408,283.44580946645584,23.004519823234123
